#{"env_id": "RegularMiniPacmanNoFrameskip-v0", "t_start": 1526847323.21112}
r,l,t
22.0,90,8.109298
14.0,75,12.884131
5.0,13,13.445329
9.0,59,16.099348
15.0,72,21.5246
7.0,31,24.022107
7.0,51,25.823006
2.0,26,25.878909
3.0,31,27.521495
2.0,24,28.321466
10.0,47,30.117726
12.0,41,33.225468
10.0,50,36.513113
5.0,41,38.671239
13.0,90,45.789093
4.0,31,47.317142
34.0,75,53.76292
19.0,72,58.067241
19.0,88,63.963902
6.0,24,65.772716
19.0,44,68.340084
22.0,75,72.876639
21.0,94,80.849152
7.0,85,86.031609
4.0,29,86.533912
7.0,43,89.713734
6.0,40,91.408688
8.0,30,92.256935
5.0,18,92.711967
1.0,25,92.729854
10.0,42,96.187378
7.0,46,97.600877
9.0,25,99.383033
1.0,27,99.403009
8.0,54,103.794879
12.0,48,107.244529
1.0,25,107.262582
10.0,82,114.146756
5.0,25,114.329659
5.0,57,119.366144
1.0,9,119.373339
3.0,22,119.963938
16.0,56,123.256389
7.0,45,124.957594
8.0,34,127.673265
14.0,77,131.671439
7.0,23,132.569396
24.0,98,140.780675
12.0,103,147.290875
10.0,22,149.01761
7.0,21,149.557852
8.0,28,151.269768
19.0,69,155.079211
14.0,60,158.996643
18.0,47,163.042574
22.0,64,165.981864
11.0,35,168.554498
2.0,31,168.652865
15.0,69,173.412606
10.0,15,174.534245
47.0,144,184.802877
1.0,22,185.100972
9.0,35,186.382671
17.0,68,190.840274
1.0,15,190.852901
5.0,10,191.038286
33.0,89,197.142933
47.0,136,207.161905
35.0,71,212.790183
18.0,81,218.273588
1.0,16,218.288808
15.0,42,221.865735
33.0,82,227.503808
4.0,20,227.679531
1.0,9,227.687658
14.0,41,230.065744
15.0,63,234.816193
1.0,28,234.83692
21.0,52,239.294444
17.0,79,243.689854
9.0,28,245.772454
23.0,89,252.195947
6.0,30,254.707839
1.0,17,254.72197
6.0,60,259.466782
22.0,85,265.814919
1.0,15,265.829793
31.0,83,272.368613
1.0,16,272.417152
5.0,15,273.646421
9.0,31,276.351486
6.0,43,278.64816
8.0,91,283.915114
26.0,64,288.569186
5.0,45,290.306854
5.0,38,291.507456
21.0,79,297.915008
2.0,29,298.061496
13.0,43,301.968627
8.0,73,306.420151
31.0,95,314.82479
5.0,30,315.200634
8.0,71,319.894958
41.0,116,329.35378
30.0,308,354.090364
7.0,72,359.500296
7.0,47,362.79307
7.0,18,363.717823
4.0,28,364.494641
23.0,105,371.876976
6.0,18,372.4714
1.0,20,372.486427
17.0,89,380.132547
6.0,28,381.35529
37.0,130,392.338106
15.0,40,395.79528
20.0,94,403.540464
3.0,12,404.051059
11.0,57,406.649115
4.0,50,409.318026
15.0,46,412.576361
24.0,74,416.457467
4.0,40,417.844431
2.0,33,418.323514
13.0,51,420.293589
21.0,64,423.760013
11.0,66,427.243009
9.0,46,428.921008
21.0,87,434.766598
11.0,82,441.035904
15.0,44,444.816936
32.0,141,454.439607
29.0,60,458.174913
1.0,15,458.187109
1.0,9,458.194153
15.0,27,460.035942
33.0,139,469.530334
2.0,17,469.891351
14.0,92,476.270243
24.0,106,483.748623
13.0,60,487.223816
3.0,27,487.609892
4.0,39,490.101745
26.0,70,494.124252
58.0,122,504.318542
7.0,68,509.085188
45.0,100,516.818929
9.0,35,519.075845
27.0,83,525.999182
11.0,68,530.227254
57.0,125,540.039516
1.0,23,540.056473
16.0,40,543.159782
15.0,52,545.73546
129.0,3000,800.205862
4.0,27,800.382201
12.0,54,804.611361
7.0,22,805.910089
1.0,20,805.924761
33.0,101,813.870898
20.0,90,819.029844
4.0,51,821.129859
5.0,38,822.320017
9.0,37,823.30828
13.0,41,826.662786
33.0,115,835.467552
27.0,67,840.451544
5.0,19,842.078623
1.0,14,842.091075
23.0,34,844.572706
1.0,21,844.587834
10.0,16,845.613227
42.0,83,851.502327
8.0,45,853.102258
34.0,89,859.526019
34.0,122,869.794947
4.0,29,870.164181
6.0,44,873.469128
19.0,28,875.756738
27.0,79,879.908284
9.0,62,883.920734
12.0,101,891.464889
9.0,27,892.308152
18.0,73,896.636659
3.0,45,898.43876
27.0,82,903.089162
35.0,111,911.792988
13.0,70,915.557116
22.0,70,921.105016
1.0,21,921.120089
140.0,3000,1182.202003
21.0,88,1187.337014
4.0,41,1190.351515
10.0,37,1191.756373
26.0,49,1195.096648
17.0,69,1198.800841
5.0,43,1202.318784
19.0,61,1206.197344
14.0,47,1209.46825
10.0,44,1211.20603
15.0,43,1214.601295
3.0,29,1215.884387
1.0,22,1215.905875
24.0,65,1221.107034
1.0,33,1222.517801
9.0,73,1227.164653
12.0,55,1230.147642
1.0,19,1231.083493
3.0,23,1231.181551
5.0,40,1234.13302
8.0,39,1236.671877
17.0,49,1240.178075
18.0,76,1244.599285
1.0,29,1244.622277
1.0,23,1246.619714
6.0,65,1249.634813
4.0,49,1253.062748
16.0,56,1257.052838
9.0,24,1258.493741
17.0,53,1261.049394
4.0,25,1262.415375
21.0,72,1267.739712
8.0,113,1274.992333
1.0,14,1275.004806
3.0,31,1277.232798
11.0,20,1278.490381
19.0,73,1284.027972
19.0,62,1287.646241
21.0,54,1292.18557
6.0,28,1293.126398
10.0,60,1296.592092
1.0,12,1296.603222
36.0,73,1302.765192
2.0,9,1303.050256
26.0,112,1311.633291
39.0,129,1321.122785
20.0,63,1325.038868
11.0,52,1327.717683
10.0,75,1332.051503
8.0,30,1333.263271
16.0,47,1336.860768
8.0,23,1338.066631
8.0,86,1344.7329
1.0,23,1344.753205
9.0,15,1345.983078
14.0,46,1348.092713
18.0,118,1355.747288
3.0,19,1355.840688
1.0,24,1355.862828
30.0,120,1366.359502
12.0,129,1376.839473
1.0,23,1376.857765
26.0,88,1384.11893
1.0,23,1384.140297
54.0,102,1392.473245
1.0,16,1392.488787
24.0,156,1405.533566
11.0,69,1408.945604
8.0,89,1414.656296
8.0,55,1416.922977
1.0,15,1416.934562
16.0,29,1419.389006
14.0,41,1422.515594
3.0,49,1424.632334
20.0,78,1429.023114
1.0,6,1429.030798
17.0,48,1432.11806
23.0,55,1435.566563
9.0,49,1438.208198
47.0,114,1446.332679
40.0,77,1452.512601
3.0,37,1454.940589
37.0,103,1463.355941
26.0,100,1471.830728
33.0,121,1480.08106
10.0,40,1481.712379
6.0,16,1482.15167
17.0,39,1484.032521
19.0,27,1486.155632
35.0,111,1495.274343
7.0,33,1497.482673
14.0,62,1500.51783
15.0,45,1503.946681
41.0,130,1515.132613
5.0,50,1517.027445
11.0,23,1517.870364
2.0,39,1519.184639
11.0,20,1520.494043
39.0,103,1528.81504
1.0,21,1528.83363
16.0,61,1533.884607
13.0,46,1537.419318
9.0,44,1539.65415
10.0,38,1542.264416
18.0,53,1545.699709
15.0,57,1548.340668
3.0,24,1548.63761
7.0,12,1549.543814
11.0,38,1551.377
17.0,46,1553.548871
16.0,62,1556.413635
1.0,16,1556.426187
1.0,16,1556.533337
18.0,97,1563.381955
2.0,27,1563.851408
108.0,3000,1822.39607
1.0,24,1822.417324
15.0,47,1826.457265
30.0,92,1832.189659
20.0,67,1836.195524
38.0,97,1843.241177
36.0,115,1851.931277
48.0,178,1865.711879
28.0,79,1870.098669
49.0,146,1881.836326
1.0,29,1881.862629
3.0,28,1884.17362
13.0,52,1887.19471
8.0,34,1887.951751
11.0,67,1892.933543
46.0,202,1908.230451
32.0,110,1917.530454
1.0,22,1917.547539
38.0,73,1923.236637
39.0,77,1929.619058
39.0,82,1936.269246
8.0,47,1938.074257
20.0,72,1943.820149
10.0,41,1945.900384
18.0,96,1952.579009
1.0,20,1952.594157
27.0,78,1958.792239
2.0,27,1958.859582
32.0,56,1962.677057
63.0,160,1973.968259
50.0,177,1987.721162
8.0,51,1990.367875
146.0,3000,2247.810798
1.0,21,2247.827585
5.0,38,2250.84931
27.0,78,2256.693928
11.0,60,2260.989152
8.0,31,2261.964285
26.0,51,2265.861438
21.0,57,2270.433776
3.0,19,2270.850123
4.0,45,2272.191532
33.0,58,2276.910293
15.0,56,2279.382946
1.0,17,2279.399454
16.0,60,2283.865147
1.0,39,2284.694579
3.0,31,2285.034323
8.0,14,2285.528971
1.0,21,2285.546905
26.0,64,2290.452983
4.0,28,2291.588045
7.0,10,2292.163507
3.0,84,2298.495853
48.0,119,2308.210411
4.0,22,2308.361684
21.0,36,2311.259837
42.0,78,2316.041151
23.0,98,2322.971312
53.0,95,2330.653
10.0,127,2339.869081
9.0,60,2342.937231
1.0,23,2342.962775
16.0,48,2346.551585
17.0,74,2352.976104
12.0,42,2355.18785
2.0,18,2355.7239
14.0,28,2358.184592
49.0,217,2374.741141
33.0,91,2380.466
1.0,17,2380.879263
18.0,59,2383.583407
7.0,32,2384.805893
1.0,27,2384.826111
20.0,50,2389.012658
21.0,87,2395.904485
18.0,78,2401.8588
13.0,53,2406.262329
37.0,98,2413.599369
3.0,35,2414.170952
40.0,83,2419.630797
11.0,47,2423.504554
8.0,15,2424.399478
32.0,77,2429.100183
13.0,26,2430.950163
26.0,63,2435.988217
7.0,32,2436.756815
1.0,14,2436.767941
26.0,75,2442.413491
25.0,67,2446.408882
27.0,92,2453.664813
8.0,42,2454.961847
11.0,36,2457.718661
4.0,25,2458.114095
3.0,25,2458.936064
10.0,33,2460.724192
7.0,34,2462.331056
5.0,16,2463.355288
13.0,64,2468.85756
1.0,12,2468.866667
14.0,30,2471.026641
17.0,26,2472.737536
39.0,135,2482.423707
126.0,3000,2737.949263
14.0,65,2741.37804
58.0,222,2757.855571
140.0,3000,3016.155919
9.0,41,3017.950568
3.0,29,3018.250385
22.0,37,3020.318956
22.0,42,3022.178053
11.0,38,3024.704418
23.0,68,3030.185529
3.0,27,3030.551513
40.0,62,3035.388452
50.0,97,3041.777615
31.0,88,3048.237943
13.0,22,3049.485819
134.0,3000,3304.166237
9.0,33,3305.350116
40.0,101,3311.488684
9.0,37,3313.10766
43.0,70,3317.189624
53.0,99,3323.557565
50.0,91,3329.316839
7.0,22,3330.210138
65.0,158,3343.306765
48.0,109,3351.707975
27.0,100,3359.431753
85.0,214,3376.842634
8.0,16,3377.78752
4.0,13,3378.244296
19.0,49,3381.376999
21.0,31,3383.904995
76.0,98,3392.004644
64.0,104,3400.918908
6.0,18,3401.407768
30.0,68,3405.737675
37.0,86,3411.388567
40.0,63,3414.830535
66.0,144,3426.954257
52.0,85,3432.56918
12.0,54,3434.759106
164.0,2958,3685.490895
4.0,17,3685.92995
67.0,122,3694.830989
67.0,105,3703.283408
25.0,75,3708.332843
83.0,129,3717.12515
53.0,134,3726.204636
40.0,73,3730.531131
117.0,3000,3986.487549
77.0,179,3999.44658
62.0,162,4011.680804
8.0,25,4012.251322
90.0,157,4023.406007
40.0,57,4027.880708
1.0,19,4027.895013
4.0,74,4033.848408
140.0,3000,4287.064586
5.0,12,4287.439357
1.0,23,4287.873895
3.0,42,4289.426014
1.0,19,4289.440808
91.0,123,4299.2363
81.0,138,4310.018966
71.0,158,4322.024103
70.0,124,4331.936192
13.0,62,4336.65189
66.0,113,4344.011597
26.0,30,4346.079272
12.0,21,4346.974869
5.0,17,4347.40095
48.0,65,4351.499576
65.0,94,4358.753587
39.0,42,4361.996937
80.0,111,4370.479612
52.0,86,4375.686176
1.0,26,4376.825521
1.0,19,4376.848297
46.0,65,4381.638769
56.0,103,4389.988513
97.0,304,4414.729192
74.0,132,4425.357659
80.0,122,4435.559834
72.0,155,4446.3239
70.0,208,4462.228527
61.0,95,4469.195916
67.0,130,4479.748552
80.0,162,4493.260701
70.0,153,4504.948369
39.0,93,4510.848119
67.0,100,4517.874868
99.0,174,4530.941721
92.0,123,4541.006859
140.0,3000,4799.108167
74.0,104,4806.816447
10.0,12,4807.930244
34.0,51,4810.697353
28.0,56,4814.05124
58.0,92,4820.400934
97.0,218,4839.476608
15.0,16,4840.712661
57.0,129,4849.813007
8.0,71,4855.373177
84.0,173,4868.623903
52.0,114,4876.424587
13.0,22,4877.385907
3.0,32,4877.692513
25.0,32,4880.251209
67.0,88,4887.612243
87.0,179,4900.913588
1.0,20,4900.929387
71.0,116,4910.001124
11.0,14,4911.031391
72.0,143,4921.743502
107.0,300,4946.037272
73.0,100,4952.337768
58.0,68,4957.368706
1.0,8,4957.378474
57.0,81,4962.931437
59.0,99,4970.319451
2.0,21,4970.374631
9.0,38,4973.364804
85.0,119,4982.588738
56.0,66,4987.740623
1.0,23,4987.762592
113.0,189,5003.337973
5.0,24,5003.721361
95.0,158,5015.29422
96.0,190,5030.444933
1.0,24,5030.467017
51.0,71,5036.28764
13.0,13,5037.23538
102.0,149,5049.788832
94.0,185,5064.420648
8.0,28,5064.945006
77.0,105,5073.853313
16.0,31,5075.200052
35.0,75,5080.072445
9.0,14,5080.866985
85.0,156,5094.104757
30.0,34,5096.978465
102.0,175,5110.697186
95.0,141,5122.554906
108.0,337,5150.764769
15.0,23,5152.13938
84.0,117,5159.609352
26.0,49,5162.543812
15.0,30,5163.873055
1.0,17,5163.885462
12.0,34,5166.792764
1.0,18,5166.807027
16.0,27,5168.055813
68.0,96,5174.601558
17.0,43,5176.215465
33.0,38,5178.790705
58.0,153,5189.983956
56.0,87,5196.178958
57.0,109,5203.363054
46.0,62,5206.943249
139.0,3000,5470.185353
63.0,77,5476.408937
123.0,232,5495.790172
52.0,81,5502.318572
78.0,117,5510.335183
1.0,19,5510.351221
32.0,40,5513.381359
45.0,90,5520.029528
45.0,63,5524.108034
2.0,14,5524.315374
5.0,15,5524.694824
27.0,41,5528.163699
109.0,196,5543.219206
57.0,103,5549.610619
56.0,81,5553.992698
1.0,16,5554.006037
98.0,150,5565.821966
77.0,126,5573.863622
33.0,48,5577.330826
119.0,271,5598.787671
1.0,19,5598.805121
38.0,51,5603.028001
136.0,3000,5900.488
211.0,2277,6129.686077
83.0,140,6141.909104
84.0,184,6159.040646
44.0,87,6165.782652
14.0,16,6167.204861
139.0,3000,6471.443529
57.0,65,6477.648615
46.0,71,6482.256769
11.0,29,6483.267669
1.0,17,6483.286745
76.0,112,6494.192475
59.0,78,6500.701842
50.0,58,6505.72388
57.0,68,6512.34745
1.0,13,6512.363614
6.0,7,6512.837805
115.0,169,6529.200427
1.0,18,6529.222136
109.0,178,6546.849558
1.0,20,6546.864992
66.0,71,6553.345953
89.0,153,6567.5599
102.0,139,6579.13244
60.0,67,6584.976362
118.0,224,6607.069567
18.0,38,6610.000627
61.0,80,6616.046628
28.0,54,6621.185748
145.0,3000,6925.08298
1.0,19,6925.100797
54.0,69,6931.496772
2.0,18,6931.563607
30.0,50,6935.680591
35.0,36,6939.111127
101.0,135,6951.580641
55.0,67,6956.963384
67.0,89,6965.348154
75.0,96,6973.368327
114.0,281,7000.543688
94.0,228,7020.984774
115.0,265,7047.020569
75.0,132,7058.64884
66.0,84,7066.095414
10.0,26,7067.069292
17.0,43,7069.036296
103.0,139,7080.066741
110.0,196,7097.877708
101.0,137,7108.910355
18.0,42,7111.095187
2.0,13,7111.380375
5.0,31,7111.619781
100.0,166,7127.389451
101.0,128,7137.855741
31.0,53,7140.836586
25.0,35,7143.05969
100.0,170,7158.927858
50.0,57,7164.406632
69.0,97,7171.950958
7.0,29,7172.532648
1.0,20,7172.552586
23.0,27,7175.131975
52.0,86,7181.985951
117.0,221,7204.098662
64.0,74,7211.078242
145.0,3000,7510.693286
46.0,95,7517.627144
81.0,126,7528.192307
93.0,220,7544.680794
125.0,321,7569.932403
5.0,11,7570.305104
10.0,27,7571.106086
103.0,131,7579.77412
18.0,36,7581.042077
2.0,20,7581.299824
27.0,56,7583.560742
107.0,194,7598.894608
103.0,147,7609.41611
30.0,53,7612.286566
146.0,3000,7866.088554
94.0,175,7878.730363
17.0,17,7880.032108
100.0,151,7892.733119
115.0,209,7910.089689
85.0,113,7919.264356
1.0,14,7919.277591
103.0,163,7932.436553
15.0,35,7935.392159
18.0,36,7937.228479
1.0,25,7937.246932
120.0,195,7954.084848
1.0,14,7954.095662
5.0,14,7954.503148
1.0,20,7954.521556
122.0,201,7971.556308
87.0,121,7980.251888
51.0,60,7985.170608
7.0,18,7985.615689
49.0,66,7989.519169
77.0,126,7999.84951
94.0,156,8011.69945
63.0,73,8017.632722
107.0,146,8029.499246
95.0,105,8038.140449
53.0,86,8042.814488
1.0,24,8042.832153
41.0,39,8046.27269
1.0,40,8047.153427
100.0,151,8057.588948
120.0,232,8074.767045
112.0,201,8091.417128
145.0,3000,8344.44239
104.0,135,8354.887668
13.0,21,8355.781861
98.0,124,8363.76904
94.0,127,8374.238799
114.0,160,8387.115392
75.0,104,8393.972221
8.0,21,8394.774775
41.0,59,8398.189668
6.0,27,8399.6057
123.0,170,8411.725648
1.0,15,8411.739572
95.0,151,8423.387648
66.0,95,8430.297435
105.0,156,8442.72698
3.0,32,8442.835109
88.0,122,8451.455846
122.0,178,8465.654564
109.0,154,8476.423259
122.0,369,8505.783291
101.0,184,8520.129853
83.0,109,8528.433497
113.0,162,8541.666132
63.0,99,8547.922374
103.0,155,8558.930189
85.0,107,8567.009864
106.0,178,8579.880233
32.0,48,8582.47447
70.0,98,8591.056952
40.0,53,8594.255415
54.0,73,8599.343008
68.0,99,8605.601759
73.0,79,8612.059574
107.0,138,8623.543172
84.0,116,8632.866041
127.0,262,8654.280569
112.0,196,8669.194531
109.0,143,8679.738356
124.0,286,8703.222005
1.0,23,8703.240815
142.0,3000,8956.642739
120.0,254,8977.12962
84.0,113,8986.371904
204.0,1603,9121.842234
120.0,213,9139.028337
289.0,3000,9394.886437
117.0,211,9411.54211
57.0,90,9417.496463
123.0,183,9432.631158
22.0,48,9434.732678
102.0,147,9445.732078
122.0,198,9460.599617
107.0,130,9469.788625
100.0,136,9479.080542
86.0,103,9486.794681
108.0,149,9497.903637
78.0,98,9504.339834
1.0,20,9504.356591
47.0,93,9512.181929
118.0,254,9532.380011
25.0,72,9536.170451
6.0,14,9536.601298
8.0,31,9537.471232
14.0,28,9538.663946
111.0,162,9550.323797
125.0,209,9565.379923
119.0,178,9580.248429
125.0,232,9599.383523
126.0,207,9615.7983
73.0,84,9621.707283
95.0,179,9634.677513
126.0,292,9658.829167
142.0,3000,9913.652589
53.0,81,9918.207766
136.0,3000,10185.334198
4.0,20,10185.710842
101.0,145,10196.508586
83.0,96,10204.690974
132.0,294,10229.025547
58.0,66,10233.895838
126.0,195,10248.775629
5.0,29,10249.235408
39.0,48,10252.258081
124.0,179,10266.032792
5.0,22,10267.499619
142.0,3000,10526.019913
31.0,46,10528.839966
7.0,29,10529.638176
39.0,65,10532.791155
1.0,20,10532.808969
35.0,43,10536.098208
136.0,397,10567.704408
82.0,113,10575.329314
96.0,100,10583.849533
75.0,98,10590.894569
234.0,2151,10777.02763
1.0,17,10777.04077
43.0,76,10783.565783
131.0,279,10807.224195
94.0,129,10816.572487
112.0,201,10833.229543
134.0,208,10850.490778
127.0,385,10881.500406
128.0,366,10911.881675
64.0,82,10917.30724
242.0,834,10986.358692
133.0,230,11004.321625
123.0,165,11017.882882
39.0,53,11020.863123
135.0,266,11041.182299
287.0,922,11119.651083
73.0,96,11126.342021
96.0,129,11137.102219
135.0,231,11155.229873
31.0,53,11158.013523
285.0,720,11217.599808
135.0,266,11238.726317
134.0,225,11256.235806
121.0,213,11273.251058
86.0,93,11280.60625
138.0,227,11299.625245
37.0,50,11303.220623
271.0,482,11345.914788
1.0,27,11345.943891
100.0,123,11357.28131
9.0,38,11357.873885
106.0,161,11370.63172
121.0,256,11393.3711
65.0,90,11398.950981
1.0,26,11398.972849
141.0,254,11420.334742
72.0,111,11429.429886
114.0,146,11441.73627
1.0,24,11441.757432
267.0,429,11480.708635
136.0,220,11499.093807
69.0,105,11505.915007
16.0,21,11507.197318
130.0,186,11521.161817
129.0,162,11534.582629
276.0,404,11568.994327
17.0,41,11570.303454
120.0,168,11582.511714
1.0,20,11582.527522
134.0,222,11600.826841
254.0,411,11633.75447
96.0,132,11642.336926
136.0,312,11668.429588
132.0,211,11683.761668
141.0,312,11708.132097
2.0,22,11708.184218
24.0,43,11709.925226
5.0,27,11711.153636
134.0,259,11730.520972
128.0,183,11744.491517
296.0,506,11786.557201
171.0,348,11813.815964
91.0,107,11822.088751
54.0,63,11826.432827
19.0,36,11828.206469
43.0,63,11831.907593
113.0,139,11842.521961
7.0,34,11843.180434
1.0,36,11844.801743
7.0,22,11845.251842
127.0,191,11859.452904
104.0,144,11870.596447
134.0,195,11886.67755
45.0,62,11890.463281
123.0,216,11907.628625
6.0,35,11908.186199
232.0,351,11935.84465
221.0,350,11965.705977
107.0,177,11980.178399
263.0,475,12020.09248
141.0,440,12056.863291
103.0,107,12066.532565
1.0,41,12070.053922
1.0,21,12070.071933
79.0,88,12077.543609
368.0,633,12131.599055
315.0,548,12178.75979
2.0,28,12179.218261
104.0,144,12190.596815
11.0,36,12191.871846
1.0,10,12191.87999
140.0,202,12207.697901
2.0,44,12209.813484
138.0,294,12234.166274
119.0,209,12250.152493
132.0,201,12266.808076
137.0,390,12298.898577
81.0,83,12305.654645
51.0,52,12309.749847
114.0,179,12323.06267
75.0,100,12329.701865
100.0,123,12338.452337
282.0,511,12379.370653
292.0,518,12421.747343
1.0,8,12421.753647
1.0,39,12424.052824
129.0,203,12439.9791
180.0,306,12464.087533
108.0,128,12474.489137
269.0,404,12506.333467
381.0,805,12572.061132
63.0,69,12577.529932
383.0,697,12637.746477
358.0,541,12682.262992
4.0,31,12682.601486
287.0,677,12738.397448
388.0,670,12795.462364
269.0,476,12837.023466
102.0,124,12846.864307
104.0,126,12857.665007
77.0,91,12865.558037
128.0,154,12879.066762
64.0,82,12885.469793
93.0,118,12894.373596
81.0,110,12904.490661
47.0,114,12913.218565
400.0,763,12978.826168
8.0,18,12979.595094
349.0,665,13036.724685
1.0,17,13036.736966
141.0,527,13082.764379
28.0,58,13085.35981
22.0,46,13088.767064
132.0,241,13108.209251
1.0,24,13108.229352
129.0,188,13124.473964
2.0,31,13124.532691
87.0,120,13132.697658
1.0,27,13132.717716
138.0,176,13147.522079
59.0,74,13153.884883
181.0,315,13181.647151
250.0,600,13234.262982
101.0,142,13246.062131
204.0,459,13285.373716
7.0,33,13285.906989
140.0,329,13312.958892
136.0,201,13327.493324
106.0,113,13336.727142
103.0,137,13346.305762
120.0,125,13357.091583
7.0,31,13358.187587
118.0,138,13370.117346
1.0,22,13370.133883
91.0,99,13378.499721
1.0,18,13378.514143
60.0,78,13385.756209
252.0,436,13422.356285
134.0,326,13450.281032
135.0,184,13466.075738
368.0,620,13517.557643
3.0,32,13517.664363
63.0,82,13523.870409
136.0,189,13539.422426
68.0,88,13546.588257
358.0,508,13590.067625
333.0,613,13640.428093
140.0,267,13663.782744
98.0,165,13677.340243
480.0,880,13751.533912
93.0,135,13761.740444
94.0,98,13769.674004
268.0,394,13802.641835
94.0,118,13810.833405
335.0,663,13868.246685
140.0,269,13889.667351
138.0,304,13914.611207
474.0,1326,14029.499994
11.0,37,14030.404426
59.0,79,14036.815573
134.0,286,14059.399303
174.0,363,14091.773982
1.0,15,14091.786679
166.0,373,14126.030879
28.0,34,14129.165346
225.0,367,14164.18277
239.0,328,14199.202585
371.0,798,14287.122534
139.0,296,14322.79497
271.0,545,14367.671889
1.0,20,14367.686653
64.0,81,14373.758227
1.0,21,14373.776153
61.0,79,14380.663474
275.0,421,14417.177019
21.0,33,14419.002595
138.0,250,14439.195869
328.0,647,14493.006575
233.0,317,14519.516736
370.0,617,14569.698786
66.0,79,14575.027553
239.0,386,14606.858357
97.0,114,14616.350646
88.0,107,14624.791034
272.0,460,14661.928397
34.0,56,14665.149684
270.0,613,14714.572252
283.0,650,14768.177117
2.0,21,14768.228395
141.0,248,14787.793387
222.0,296,14812.794989
90.0,141,14823.21107
113.0,134,14832.775028
138.0,255,14852.720351
16.0,23,14853.955494
141.0,433,14889.523883
115.0,174,14904.010012
260.0,483,14944.014134
1.0,6,14944.019426
1.0,20,14944.033317
136.0,490,14985.320637
269.0,557,15030.381777
232.0,337,15056.890723
37.0,45,15060.601612
298.0,627,15111.595418
91.0,107,15119.447212
210.0,901,15192.584236
22.0,52,15194.757968
121.0,167,15208.277333
150.0,283,15229.356819
336.0,638,15282.705299
1.0,12,15282.715987
39.0,50,15286.164033
52.0,71,15291.135213
120.0,207,15306.217592
337.0,694,15363.369478
137.0,205,15377.968228
69.0,98,15383.854414
141.0,222,15400.508562
129.0,191,15415.5184
36.0,43,15418.784397
155.0,390,15449.924166
329.0,597,15499.525223
273.0,432,15534.899716
122.0,202,15550.717426
76.0,107,15559.415736
140.0,349,15587.117992
91.0,112,15595.501984
169.0,376,15625.946822
138.0,213,15642.381368
66.0,112,15649.676098
131.0,186,15663.71703
50.0,72,15669.101952
208.0,314,15694.64265
358.0,610,15744.601049
133.0,192,15759.405529
130.0,241,15777.898671
60.0,84,15783.271267
352.0,776,15847.596444
43.0,55,15851.276089
100.0,139,15862.111622
222.0,437,15896.588024
140.0,244,15916.963658
36.0,52,15919.998423
391.0,690,15975.771008
380.0,954,16054.800421
1.0,22,16054.818043
239.0,307,16080.02148
131.0,247,16099.10834
134.0,163,16112.591107
152.0,452,16148.932011
1.0,17,16148.944381
211.0,262,16170.311977
20.0,29,16171.630972
138.0,232,16189.032104
44.0,82,16193.877342
139.0,228,16212.550584
102.0,164,16224.199163
141.0,480,16264.008907
422.0,881,16337.160707
306.0,516,16378.966398
137.0,245,16397.654804
5.0,35,16398.614628
151.0,273,16421.08303
35.0,53,16423.984942
76.0,76,16430.224319
131.0,204,16446.194328
182.0,297,16470.710073
118.0,210,16486.004395
125.0,240,16504.103568
100.0,144,16514.602006
263.0,400,16547.168366
1.0,22,16547.186555
304.0,627,16599.330725
137.0,209,16614.48745
113.0,175,16627.372812
141.0,237,16644.765383
85.0,98,16652.030167
50.0,56,16656.176506
37.0,63,16659.19128
230.0,378,16690.133582
246.0,415,16723.037663
239.0,635,16774.025992
133.0,188,16789.355238
101.0,135,16799.013618
140.0,229,16816.957655
137.0,622,16869.864869
8.0,36,16870.428398
330.0,523,16913.003821
1.0,9,16913.013297
20.0,27,16914.952661
260.0,758,16975.910212
71.0,91,16982.849527
153.0,254,17002.230653
63.0,68,17007.253056
318.0,507,17049.292776
7.0,17,17049.771313
252.0,447,17084.758828
378.0,545,17129.398259
96.0,136,17138.464699
398.0,670,17192.733522
132.0,179,17206.433595
16.0,22,17207.662539
131.0,213,17224.803576
19.0,51,17227.026101
90.0,123,17235.754566
262.0,391,17267.971868
13.0,38,17269.125751
326.0,699,17328.162397
1.0,19,17328.176545
232.0,393,17360.880066
106.0,132,17371.431658
138.0,400,17402.433571
266.0,413,17436.107956
277.0,485,17475.346501
140.0,264,17495.209217
310.0,487,17533.910351
274.0,429,17568.641989
17.0,33,17570.216692
270.0,402,17602.880104
223.0,307,17627.947966
139.0,316,17653.806031
106.0,163,17667.081917
1.0,17,17667.095666
76.0,95,17674.60189
283.0,746,17735.993238
1.0,25,17736.016233
97.0,103,17745.022027
52.0,64,17749.238583
111.0,155,17761.85978
18.0,27,17763.262162
169.0,280,17785.682114
133.0,197,17800.189742
204.0,347,17828.556671
323.0,649,17880.461297
403.0,578,17927.25785
165.0,237,17946.543758
120.0,153,17958.858834
125.0,243,17977.72096
303.0,549,18022.357207
141.0,274,18043.898449
126.0,200,18058.421422
34.0,46,18061.35558
283.0,637,18112.381789
100.0,141,18122.791203
123.0,195,18138.874181
388.0,536,18183.994443
310.0,654,18237.947448
125.0,182,18253.357104
29.0,39,18255.786857
51.0,70,18261.638817
131.0,226,18278.505481
118.0,168,18290.758516
161.0,315,18316.862567
408.0,713,18375.129889
91.0,102,18382.857494
343.0,936,18460.24353
137.0,201,18476.639207
43.0,49,18480.440722
309.0,528,18524.598829
1.0,8,18524.607774
115.0,185,18539.064669
1.0,20,18539.080748
412.0,796,18604.978809
86.0,92,18611.919115
6.0,36,18612.62999
64.0,83,18617.960026
124.0,174,18632.312177
269.0,616,18682.956939
78.0,115,18691.697714
1.0,19,18691.71156
92.0,111,18700.076664
24.0,47,18702.126585
140.0,231,18719.631149
275.0,524,18763.83331
140.0,669,18819.575809
33.0,64,18822.503753
117.0,163,18836.491136
130.0,190,18850.54251
137.0,224,18867.917664
141.0,328,18893.626877
133.0,245,18912.265917
139.0,243,18930.396822
138.0,249,18949.104948
312.0,474,18988.273561
141.0,215,19005.500909
128.0,245,19025.020559
260.0,690,19082.142688
141.0,243,19100.576426
128.0,198,19116.493814
140.0,249,19135.454659
1.0,16,19135.466298
352.0,672,19191.745286
370.0,688,19249.003943
314.0,630,19300.155437
397.0,649,19352.593005
1.0,11,19352.602445
112.0,152,19365.404848
101.0,126,19375.055183
134.0,211,19392.751949
395.0,660,19445.234308
135.0,194,19459.176488
137.0,227,19477.056507
281.0,765,19539.331294
138.0,247,19558.695543
376.0,630,19610.132455
6.0,12,19610.583165
30.0,53,19613.53163
129.0,232,19632.085572
16.0,42,19633.322531
141.0,218,19651.455355
112.0,124,19661.65106
262.0,382,19693.138102
363.0,651,19745.408348
290.0,565,19791.243811
248.0,382,19821.295507
283.0,477,19860.956585
138.0,979,19941.176465
174.0,263,19962.532523
265.0,420,19996.522839
407.0,744,20057.761082
232.0,434,20092.667519
404.0,938,20169.223204
1.0,14,20169.235113
190.0,286,20192.86554
236.0,362,20221.365781
1.0,19,20221.381006
266.0,490,20262.639506
127.0,197,20277.523315
1.0,23,20277.539461
42.0,45,20281.239746
1.0,18,20281.258588
47.0,57,20285.856976
42.0,67,20290.138012
383.0,521,20333.524095
187.0,384,20365.60942
345.0,793,20429.451874
6.0,15,20429.859511
423.0,719,20489.631315
90.0,115,20497.546219
110.0,148,20509.470692
259.0,430,20542.550288
226.0,393,20574.996889
4.0,19,20575.350088
249.0,354,20604.577799
320.0,532,20648.686031
121.0,174,20662.972648
1.0,24,20662.992307
322.0,648,20717.857124
52.0,61,20722.653002
257.0,391,20753.633357
297.0,557,20798.736547
3.0,27,20799.040106
119.0,183,20813.639483
268.0,411,20846.564786
22.0,28,20848.270263
259.0,385,20878.067808
135.0,332,20904.210907
280.0,532,20947.59941
5.0,12,20948.366068
274.0,511,20989.23121
121.0,204,21004.986966
337.0,568,21051.676752
336.0,557,21096.545515
102.0,151,21107.417649
279.0,438,21143.479738
1.0,30,21143.740088
141.0,352,21170.943511
122.0,195,21186.30425
135.0,199,21200.931754
51.0,55,21205.295804
137.0,179,21220.045303
294.0,911,21293.789098
137.0,215,21311.577233
231.0,299,21335.064479
1.0,20,21335.078835
134.0,252,21355.32234
1.0,15,21355.333508
16.0,33,21358.164417
117.0,178,21371.460508
138.0,188,21385.531013
280.0,425,21420.982379
243.0,467,21459.419013
175.0,275,21481.550066
140.0,260,21501.407211
344.0,517,21543.96521
20.0,25,21545.970232
324.0,589,21593.247267
259.0,397,21626.117095
196.0,322,21651.89995
43.0,94,21657.933388
8.0,45,21661.486937
11.0,35,21664.481464
7.0,41,21665.526954
8.0,49,21667.614347
15.0,356,21698.901339
4.0,27,21701.092052
4.0,37,21703.200507
6.0,24,21704.176061
12.0,57,21707.55003
128.0,218,21724.028017
139.0,309,21749.28698
136.0,303,21774.62471
279.0,549,21819.989103
359.0,680,21875.232295
319.0,550,21920.116474
473.0,714,21977.334965
1.0,20,21977.351837
24.0,33,21979.483227
1.0,10,21979.496423
363.0,938,22057.750913
128.0,179,22072.191797
1.0,15,22072.20296
3.0,16,22072.489323
141.0,323,22098.819927
85.0,122,22106.887991
283.0,488,22147.113857
130.0,169,22160.588562
310.0,497,22200.574883
135.0,284,22221.853889
100.0,143,22233.827043
90.0,205,22248.692914
137.0,220,22266.19592
105.0,203,22282.675157
19.0,33,22284.205833
140.0,232,22303.274429
47.0,76,22307.318378
176.0,249,22326.549652
94.0,122,22336.083683
262.0,426,22369.310353
318.0,445,22404.339587
140.0,244,22422.562163
419.0,681,22477.429713
133.0,194,22492.411316
312.0,456,22530.303717
285.0,671,22586.256899
208.0,283,22609.215653
331.0,497,22650.728955
312.0,526,22694.131238
203.0,303,22718.879617
22.0,54,22720.716573
350.0,601,22770.278868
243.0,355,22799.482179
4.0,12,22799.849494
532.0,1033,22885.111213
141.0,957,22962.997212
1.0,20,22963.016515
283.0,467,23001.991191
6.0,33,23002.419243
139.0,282,23025.95779
1.0,30,23025.978539
6.0,6,23026.653569
1.0,26,23026.677183
297.0,582,23075.230561
131.0,178,23087.75086
261.0,437,23124.52806
1.0,27,23124.549952
84.0,100,23132.813837
69.0,105,23140.290799
281.0,420,23174.572765
7.0,39,23175.469893
35.0,58,23178.396781
1.0,24,23178.413419
185.0,247,23198.97936
422.0,654,23253.336425
196.0,302,23276.972792
108.0,133,23286.804878
324.0,475,23324.836456
90.0,123,23334.201666
306.0,504,23376.223257
366.0,548,23420.791024
140.0,448,23456.981411
128.0,209,23472.569268
137.0,279,23495.378979
109.0,191,23509.330907
1.0,13,23509.341991
285.0,397,23542.157999
352.0,630,23594.137841
417.0,721,23652.750852
141.0,215,23669.985396
219.0,348,23697.099151
126.0,178,23710.768539
246.0,373,23740.145567
327.0,581,23787.892396
349.0,616,23838.201146
258.0,421,23871.576335
370.0,573,23917.643232
1.0,23,23917.664051
132.0,211,23934.844383
418.0,648,23988.119674
222.0,336,24015.637415
322.0,490,24056.574762
88.0,117,24064.513028
141.0,306,24088.23474
119.0,167,24101.645275
389.0,616,24152.155577
80.0,111,24161.135388
412.0,699,24218.315151
33.0,48,24221.16128
117.0,126,24231.398353
238.0,404,24263.675126
59.0,110,24271.005081
51.0,62,24275.214228
68.0,97,24282.152809
365.0,756,24343.094575
8.0,26,24343.78753
398.0,606,24393.165335
245.0,374,24424.459748
1.0,25,24424.479116
110.0,116,24433.745218
304.0,627,24485.376136
149.0,232,24504.892645
274.0,418,24539.540961
131.0,175,24553.071939
1.0,21,24553.090005
2.0,15,24553.826938
263.0,609,24602.179357
69.0,93,24607.987874
300.0,560,24652.976886
382.0,555,24696.863991
124.0,197,24711.504569
1.0,17,24711.520363
161.0,309,24735.953695
130.0,164,24749.804619
98.0,125,24758.929643
115.0,223,24775.557941
104.0,199,24791.00847
44.0,50,24795.060037
81.0,119,24804.746737
56.0,80,24809.386662
404.0,785,24873.505642
141.0,370,24904.517896
423.0,771,24968.808898
88.0,137,24977.639939
265.0,381,25009.052641
140.0,784,25073.920717
47.0,75,25078.382461
350.0,490,25118.45628
121.0,178,25132.046489
283.0,474,25169.706539
81.0,119,25179.060056
120.0,258,25198.202285
116.0,185,25211.728874
85.0,106,25218.978113
104.0,172,25231.433772
93.0,103,25239.273604
7.0,30,25239.726095
478.0,853,25308.563313
215.0,352,25336.892289
109.0,131,25346.352192
137.0,203,25361.346643
341.0,606,25411.955105
108.0,123,25421.373787
1.0,28,25421.393818
220.0,353,25450.620394
294.0,588,25499.675284
110.0,132,25510.027647
198.0,348,25537.950582
372.0,556,25584.04818
1.0,23,25584.066258
306.0,530,25627.894649
264.0,420,25660.853007
353.0,700,25718.190561
3.0,32,25718.28742
298.0,587,25765.556412
182.0,309,25790.060211
70.0,96,25796.780071
99.0,115,25806.267791
105.0,140,25817.109647
1.0,18,25817.124342
141.0,667,25872.84884
302.0,545,25918.566015
273.0,437,25954.109145
69.0,96,25961.994671
312.0,536,26005.303504
363.0,603,26053.726668
128.0,247,26072.799355
2.0,30,26073.132341
250.0,355,26102.221408
224.0,499,26142.646269
135.0,226,26160.438866
125.0,169,26174.532984
111.0,155,26186.159177
284.0,441,26220.964769
325.0,491,26261.399637
352.0,663,26316.392752
340.0,656,26370.561016
133.0,218,26388.8727
1.0,22,26388.889214
297.0,536,26433.484876
276.0,481,26472.251131
4.0,27,26472.674432
125.0,159,26485.248744
245.0,403,26517.756488
131.0,176,26531.82871
238.0,356,26559.054781
535.0,918,26633.568005
109.0,149,26645.139614
353.0,701,26702.701848
237.0,368,26732.515747
120.0,166,26744.998546
1.0,30,26745.020435
119.0,168,26759.417535
528.0,1124,26853.16463
62.0,87,26858.123361
171.0,294,26881.613857
353.0,549,26926.653267
58.0,74,26931.268325
53.0,66,26936.241256
404.0,784,26999.681264
140.0,239,27018.473468
254.0,438,27053.273978
87.0,113,27061.5187
250.0,374,27092.756661
1.0,14,27092.767102
22.0,38,27094.796449
3.0,33,27095.337474
158.0,250,27113.940731
274.0,622,27163.423777
1.0,27,27163.445243
177.0,247,27183.982306
362.0,640,27235.481571
434.0,756,27298.61711
131.0,164,27310.762013
273.0,543,27355.249949
422.0,671,27409.907428
1.0,27,27409.936248
119.0,158,27423.547682
405.0,707,27481.460973
567.0,1072,27570.076699
157.0,268,27592.489621
367.0,651,27644.535189
279.0,479,27684.330307
361.0,496,27724.885695
260.0,383,27754.454659
87.0,129,27765.01581
82.0,161,27776.410804
6.0,33,27777.536026
287.0,3000,28029.228463
275.0,402,28062.04598
139.0,359,28090.114331
134.0,225,28107.161478
124.0,231,28124.171054
54.0,64,28129.15035
390.0,645,28182.407611
83.0,106,28189.117691
276.0,543,28234.176998
118.0,148,28246.29097
164.0,322,28273.702184
280.0,527,28317.133035
115.0,229,28333.890979
254.0,477,28371.450802
282.0,441,28408.551096
138.0,189,28423.738155
1.0,14,28423.750248
134.0,245,28443.697296
141.0,244,28461.661027
352.0,463,28500.166713
99.0,119,28508.576222
404.0,653,28561.278773
200.0,293,28583.357848
335.0,535,28627.08881
242.0,356,28655.341704
96.0,115,28663.928469
387.0,704,28721.803503
380.0,649,28774.997387
81.0,109,28782.42588
139.0,406,28815.784178
1.0,26,28815.805405
137.0,187,28831.308512
280.0,428,28866.912539
194.0,456,28904.40009
258.0,446,28941.072074
93.0,148,28952.232887
270.0,415,28986.196023
320.0,644,29039.466494
113.0,148,29050.770953
295.0,570,29096.873767
83.0,99,29104.311528
138.0,199,29120.341009
278.0,530,29164.031529
131.0,181,29178.229898
105.0,192,29194.059195
113.0,146,29204.550293
227.0,296,29228.797502
323.0,527,29272.715185
25.0,36,29274.736833
381.0,627,29325.546353
133.0,208,29341.323831
124.0,162,29354.473483
127.0,230,29371.957304
347.0,808,29439.194003
131.0,286,29462.419945
138.0,383,29493.510388
363.0,508,29534.364766
422.0,691,29591.538408
425.0,1072,29678.622872
1.0,24,29678.639751
70.0,82,29685.721043
55.0,92,29692.752765
228.0,342,29720.747132
141.0,552,29766.795572
273.0,377,29798.345489
61.0,94,29803.871925
181.0,284,29827.953372
133.0,188,29842.760693
125.0,156,29855.203164
384.0,521,29896.408397
139.0,248,29916.674358
77.0,112,29924.867877
342.0,557,29969.476277
138.0,207,29986.885268
100.0,192,30001.092442
75.0,134,30010.923522
141.0,228,30028.871478
1.0,21,30028.886485
11.0,18,30029.777966
209.0,414,30062.120421
319.0,679,30117.105563
114.0,149,30128.92996
288.0,462,30165.692057
467.0,780,30230.718758
250.0,394,30263.700606
1.0,17,30263.71563
46.0,48,30267.223957
138.0,217,30284.290625
303.0,553,30330.503037
277.0,401,30362.540776
130.0,189,30377.674437
1.0,12,30377.685124
533.0,912,30453.928915
201.0,287,30476.304357
26.0,34,30478.713543
1.0,27,30478.734691
271.0,477,30518.754499
1.0,15,30518.765877
79.0,113,30527.940567
254.0,449,30565.048082
306.0,463,30602.80667
173.0,291,30625.843284
563.0,883,30699.245581
207.0,314,30725.034705
138.0,483,30764.704549
248.0,453,30802.304645
352.0,629,30853.310642
346.0,471,30891.700921
353.0,563,30938.309056
395.0,621,30990.237265
124.0,170,31002.733477
8.0,16,31003.249398
283.0,548,31048.871825
351.0,511,31090.680341
47.0,70,31096.543119
25.0,68,31101.393462
122.0,179,31115.403913
271.0,411,31147.534876
120.0,193,31163.154772
328.0,497,31204.396802
168.0,280,31225.356827
319.0,651,31279.38075
408.0,602,31329.680731
105.0,122,31338.646627
125.0,166,31352.029252
421.0,640,31402.877106
161.0,239,31421.492714
123.0,175,31435.444582
366.0,526,31478.783403
226.0,484,31517.025562
71.0,119,31525.618966
7.0,36,31526.092065
13.0,17,31527.337523
88.0,134,31537.880519
237.0,401,31570.855402
1.0,23,31570.872475
135.0,1067,31660.921378
1.0,9,31660.928391
351.0,496,31702.510067
132.0,261,31722.173805
266.0,369,31751.49646
134.0,253,31770.283139
370.0,633,31821.517661
526.0,905,31894.582529
264.0,365,31923.829774
140.0,225,31940.824298
272.0,380,31971.53206
114.0,154,31983.852417
280.0,506,32024.750099
283.0,472,32063.043523
183.0,270,32085.758751
86.0,98,32092.817749
283.0,532,32136.994899
341.0,671,32191.186015
366.0,528,32235.469176
140.0,226,32252.40222
1.0,14,32252.412239
136.0,216,32269.919403
125.0,250,32289.007977
139.0,423,32323.770403
321.0,535,32368.22748
132.0,205,32385.611216
421.0,760,32448.228461
107.0,124,32458.55989
133.0,249,32477.060242
1.0,23,32477.076517
138.0,255,32498.165974
424.0,782,32562.741657
123.0,179,32576.855568
330.0,853,32647.465886
338.0,510,32690.118287
100.0,136,32700.139258
132.0,193,32714.734651
289.0,627,32767.08376
98.0,135,32777.434198
283.0,506,32817.769826
121.0,138,32828.422434
1.0,18,32828.435566
102.0,147,32840.295204
1.0,23,32840.316088
312.0,502,32881.83007
141.0,396,32913.153819
52.0,60,32918.167117
321.0,446,32954.506274
134.0,229,32972.428803
112.0,148,32983.241839
141.0,382,33014.595506
252.0,412,33048.890289
330.0,797,33114.918025
239.0,401,33147.181821
368.0,719,33205.750119
143.0,267,33226.920463
132.0,174,33241.067009
1.0,16,33241.080669
107.0,181,33256.377699
373.0,668,33309.707099
262.0,392,33341.697789
89.0,182,33354.741466
121.0,197,33369.214627
134.0,178,33383.829654
448.0,881,33455.931608
292.0,471,33494.328528
377.0,675,33549.159409
408.0,950,33626.612338
1.0,22,33626.628343
81.0,103,33635.250043
167.0,324,33661.029374
1.0,29,33661.051241
30.0,30,33663.272813
419.0,633,33715.280618
408.0,658,33769.299581
567.0,1007,33852.270035
134.0,240,33871.680567
266.0,401,33903.462091
73.0,77,33909.227772
69.0,76,33915.037276
1.0,25,33915.056177
182.0,335,33942.888959
310.0,544,33987.998466
29.0,63,33990.880634
119.0,144,34002.211834
182.0,1410,34122.35363
134.0,202,34138.756774
270.0,418,34171.543571
258.0,355,34199.46364
88.0,120,34208.881988
279.0,521,34250.459459
1.0,21,34250.475172
138.0,201,34267.37763
1.0,25,34267.396458
454.0,779,34332.109447
62.0,83,34337.29211
193.0,356,34364.763383
21.0,35,34366.445318
1.0,18,34366.460945
412.0,698,34423.928933
86.0,131,34433.025439
267.0,402,34463.880309
340.0,509,34505.031676
282.0,499,34544.671955
114.0,127,34555.222326
69.0,139,34566.135497
1.0,14,34566.149804
2.0,23,34566.733926
376.0,779,34631.622943
283.0,501,34672.78075
353.0,477,34712.446398
420.0,735,34773.112503
398.0,714,34831.093586
114.0,153,34843.49932
38.0,78,34848.099671
406.0,602,34896.091709
1.0,12,34896.10069
283.0,456,34933.006976
216.0,315,34957.951251
389.0,547,35002.50892
416.0,758,35066.328989
295.0,540,35109.536188
1.0,16,35109.551439
280.0,810,35176.263366
137.0,257,35196.040491
127.0,164,35208.360289
361.0,640,35259.415855
385.0,581,35306.405511
283.0,443,35342.560524
81.0,110,35349.885226
164.0,310,35374.718366
392.0,601,35423.507844
421.0,769,35486.73459
267.0,432,35522.723679
94.0,226,35541.269649
107.0,153,35553.853369
1.0,25,35553.872699
134.0,300,35579.052674
125.0,181,35592.027816
140.0,285,35614.079817
277.0,432,35648.531992
140.0,243,35666.775255
140.0,292,35691.128794
109.0,166,35704.113918
96.0,190,35717.923019
140.0,250,35737.79245
137.0,283,35759.549956
320.0,523,35802.867732
320.0,526,35846.139168
1.0,10,35846.147971
208.0,525,35888.645364
1.0,10,35888.657027
405.0,613,35939.654269
1.0,13,35939.666013
129.0,207,35955.506736
282.0,574,36002.529454
272.0,363,36031.415286
481.0,693,36088.472971
57.0,87,36093.642087
140.0,245,36113.953105
103.0,169,36126.190459
118.0,191,36141.308458
6.0,23,36141.766723
18.0,50,36145.039904
1.0,44,36147.441678
8.0,33,36149.04631
138.0,294,36172.979306
1.0,13,36172.989819
95.0,145,36185.044787
141.0,541,36227.621116
140.0,294,36251.775336
55.0,83,36258.618378
548.0,998,36340.475027
1.0,19,36340.489964
125.0,185,36355.349345
1.0,25,36355.371589
282.0,515,36398.487554
309.0,601,36447.87365
320.0,468,36484.487139
266.0,618,36535.71337
239.0,375,36564.58617
401.0,579,36611.640839
331.0,508,36654.308176
138.0,232,36671.430424
90.0,120,36679.520828
29.0,63,36682.486125
319.0,524,36724.569465
393.0,618,36775.698778
282.0,481,36815.192801
395.0,641,36868.596485
114.0,127,36878.623238
534.0,831,36948.463595
283.0,607,36998.956732
274.0,378,37030.18629
1.0,26,37030.206214
267.0,387,37062.739702
118.0,155,37073.108282
271.0,556,37118.684771
211.0,327,37144.069678
1.0,17,37144.081894
233.0,374,37174.843896
69.0,102,37183.11255
70.0,125,37191.805167
73.0,166,37205.409793
1.0,26,37205.431142
44.0,67,37210.560297
14.0,79,37216.152056
11.0,50,37220.44768
2.0,154,37231.819911
2.0,21,37232.307693
4.0,50,37236.005645
1.0,38,37239.001492
5.0,70,37244.873761
4.0,31,37247.380297
1.0,15,37247.392415
4.0,45,37250.25565
1.0,8,37250.26719
1.0,15,37250.635754
1.0,14,37250.646172
3.0,51,37254.633286
1.0,64,37258.266973
38.0,80,37263.375068
187.0,536,37305.888082
58.0,68,37310.470402
374.0,607,37359.811548
75.0,82,37366.175263
37.0,53,37370.814613
26.0,40,37373.377055
9.0,20,37373.936092
120.0,228,37390.773534
4.0,31,37391.18216
278.0,481,37429.764964
57.0,62,37434.434145
140.0,244,37454.358026
163.0,239,37473.156541
94.0,144,37483.281407
414.0,674,37537.977761
125.0,150,37550.679567
339.0,498,37590.43392
404.0,793,37654.981574
394.0,680,37711.199828
1.0,26,37711.224518
280.0,463,37749.638356
423.0,655,37803.436421
97.0,128,37813.389999
130.0,209,37828.634076
249.0,350,37857.383529
1.0,16,37857.400549
446.0,608,37907.98368
287.0,454,37944.141973
1.0,10,37944.151332
121.0,198,37959.641337
127.0,209,37974.817942
316.0,515,38016.536692
446.0,834,38084.978143
17.0,31,38086.724357
6.0,30,38087.542838
99.0,115,38096.563189
413.0,631,38147.158122
216.0,297,38170.465287
139.0,357,38199.673538
118.0,151,38211.729207
266.0,385,38241.637571
261.0,439,38276.102781
400.0,613,38325.657538
303.0,561,38370.817948
522.0,854,38440.595108
88.0,115,38448.111139
121.0,165,38459.773179
517.0,851,38529.394917
397.0,575,38577.382487
402.0,605,38627.025223
347.0,976,38708.42084
314.0,504,38749.826406
64.0,85,38757.020292
148.0,229,38773.545613
252.0,360,38803.044744
61.0,75,38809.184643
124.0,227,38827.657409
1.0,11,38827.671902
344.0,569,38874.578197
252.0,409,38906.701481
452.0,682,38961.715813
372.0,513,39003.68712
400.0,602,39052.623467
347.0,484,39092.858738
1.0,27,39092.877961
263.0,350,39121.656914
357.0,612,39170.505062
254.0,347,39199.029791
137.0,268,39220.94736
5.0,36,39221.446243
4.0,17,39221.777371
454.0,758,39282.719854
276.0,506,39324.265252
1.0,20,39324.280963
124.0,173,39337.83249
184.0,272,39360.900431
111.0,171,39372.92437
14.0,19,39373.952781
118.0,189,39388.99175
74.0,122,39397.106187
141.0,327,39423.013275
138.0,252,39442.934031
211.0,292,39466.592066
1.0,29,39466.612504
300.0,477,39506.406446
101.0,123,39515.619602
1.0,26,39515.638194
299.0,439,39551.624738
26.0,54,39555.695403
111.0,152,39567.382684
417.0,658,39621.981367
91.0,129,39630.659937
108.0,145,39642.818224
391.0,598,39692.057966
532.0,820,39758.083349
242.0,328,39784.52565
127.0,209,39799.642563
262.0,497,39839.358651
36.0,82,39845.021333
12.0,42,39847.11728
11.0,58,39852.588106
16.0,35,39855.315876
43.0,172,39869.485754
4.0,43,39872.619559
15.0,89,39879.473032
102.0,154,39891.718054
431.0,1024,39976.193779
10.0,30,39976.978043
109.0,160,39989.880548
331.0,491,40029.411586
78.0,91,40036.815821
1.0,17,40036.829081
138.0,194,40052.148046
15.0,26,40053.365555
294.0,437,40088.126754
56.0,76,40092.65131
68.0,110,40100.147275
271.0,485,40138.668746
413.0,603,40187.725653
49.0,64,40191.805963
275.0,360,40219.872656
132.0,383,40251.945831
1.0,20,40251.962008
416.0,766,40316.960495
62.0,81,40322.023829
269.0,458,40358.843222
421.0,663,40412.62671
254.0,344,40440.492145
356.0,509,40482.219774
164.0,246,40500.694577
467.0,785,40566.115686
368.0,596,40615.161744
152.0,239,40632.485655
125.0,211,40649.436741
29.0,40,40651.908864
126.0,163,40665.118493
1.0,17,40665.131435
161.0,234,40683.658
1.0,27,40683.680674
362.0,617,40736.128597
408.0,727,40796.453706
111.0,128,40807.135478
130.0,207,40823.265255
12.0,20,40824.127808
162.0,309,40848.5014
283.0,414,40881.958807
2.0,20,40883.143724
69.0,82,40888.735569
376.0,573,40935.179067
99.0,118,40944.286229
118.0,181,40958.068048
365.0,499,40998.32613
364.0,630,41050.971377
398.0,598,41099.585005
89.0,93,41107.318429
498.0,860,41177.272705
120.0,198,41191.13907
362.0,729,41252.441679
423.0,789,41317.764822
1.0,15,41317.781141
1.0,11,41317.789381
245.0,295,41342.829789
404.0,596,41391.279107
117.0,177,41405.633371
398.0,589,41453.627148
55.0,74,41458.852933
257.0,429,41494.616278
359.0,571,41541.186084
240.0,337,41568.16227
1.0,6,41568.169172
368.0,615,41619.113043
1.0,27,41619.133857
120.0,160,41632.304107
406.0,646,41684.81702
495.0,688,41742.288793
436.0,659,41795.70129
398.0,611,41846.01115
325.0,474,41884.015931
66.0,79,41889.735728
137.0,221,41906.74365
75.0,103,41914.731127
112.0,149,41925.963994
375.0,547,41971.476435
174.0,383,42002.319257
190.0,293,42024.134953
140.0,253,42043.677472
141.0,413,42076.741597
401.0,883,42150.401871
1.0,22,42150.420022
590.0,1204,42251.899347
69.0,92,42259.286078
100.0,123,42269.284655
279.0,438,42304.1632
124.0,219,42322.265637
343.0,587,42370.241746
114.0,169,42382.407709
221.0,286,42405.980646
283.0,833,42474.723361
78.0,96,42480.672356
130.0,168,42493.897848
212.0,321,42520.406982
131.0,209,42535.933412
297.0,575,42582.710607
321.0,572,42629.791186
645.0,1026,42715.983615
394.0,607,42765.7714
292.0,483,42805.078669
243.0,375,42834.570835
3.0,23,42835.423265
161.0,251,42854.76801
61.0,95,42860.276669
375.0,517,42903.49786
349.0,695,42960.977556
140.0,218,42977.072619
118.0,160,42988.2343
203.0,399,43020.241273
370.0,534,43063.397542
370.0,492,43104.492913
414.0,646,43157.479298
124.0,188,43173.163327
349.0,664,43227.453887
1.0,10,43227.464016
135.0,280,43249.9037
4.0,31,43250.050605
55.0,83,43256.133603
1.0,20,43256.15372
383.0,645,43309.778331
301.0,402,43343.42904
356.0,529,43387.113999
141.0,261,43408.649899
270.0,361,43438.375967
126.0,160,43450.435204
331.0,479,43490.580165
133.0,196,43504.904671
140.0,181,43520.147527
304.0,504,43561.985802
367.0,517,43603.201726
407.0,579,43651.19399
244.0,414,43684.501647
56.0,70,43689.909763
14.0,29,43690.856602
1.0,18,43690.869475
405.0,529,43735.205289
564.0,1088,43825.743154
272.0,430,43861.013261
416.0,666,43915.02501
252.0,364,43945.661461
57.0,117,43954.083932
416.0,765,44017.103861
3.0,26,44017.23559
346.0,539,44060.737414
87.0,114,44068.52313
430.0,765,44131.168521
263.0,341,44159.923668
1.0,18,44159.937257
441.0,709,44219.805734
304.0,565,44266.347113
140.0,401,44298.151678
108.0,164,44310.437452
317.0,702,44367.539256
507.0,799,44433.10385
409.0,686,44489.838251
296.0,514,44531.877054
511.0,689,44589.814718
326.0,438,44626.060283
307.0,470,44664.568155
282.0,645,44718.693122
405.0,625,44769.828657
317.0,499,44809.218251
177.0,294,44833.842691
6.0,16,44834.250681
285.0,482,44873.031923
62.0,103,44879.733829
188.0,393,44910.504483
230.0,331,44937.885834
223.0,315,44961.791037
323.0,497,45003.308014
157.0,258,45024.684999
421.0,612,45075.270766
393.0,754,45138.126758
399.0,598,45187.530319
402.0,647,45240.851647
217.0,327,45266.30525
121.0,184,45279.658291
403.0,597,45329.132672
649.0,967,45409.985996
410.0,556,45454.189015
345.0,549,45499.004801
86.0,97,45506.134041
309.0,471,45547.063436
250.0,374,45577.933585
411.0,636,45629.396326
140.0,337,45658.046221
276.0,393,45689.858622
390.0,552,45735.546083
399.0,537,45780.28261
8.0,15,45781.051062
304.0,627,45832.161887
120.0,140,45843.460609
161.0,272,45865.944541
413.0,611,45915.747237
326.0,539,45959.936791
396.0,551,46005.362483
276.0,397,46038.321131
228.0,331,46064.020946
280.0,399,46097.380936
233.0,423,46132.473991
176.0,384,46163.185755
253.0,439,46197.166512
32.0,66,46200.955798
125.0,173,46215.619364
119.0,168,46228.035526
127.0,166,46241.706117
282.0,482,46281.52286
293.0,513,46322.647136
412.0,1223,46425.528409
5.0,30,46425.705665
407.0,644,46479.008711
139.0,243,46498.541321
413.0,728,46558.343951
557.0,868,46632.045616
264.0,358,46661.282565
1.0,18,46661.295696
416.0,628,46713.585868
423.0,701,46770.9096
537.0,833,46838.774544
187.0,316,46863.071292
230.0,337,46890.93877
405.0,611,46941.719154
168.0,276,46965.050629
345.0,691,47022.640204
123.0,177,47036.14338
392.0,634,47088.525517
393.0,546,47133.226201
1.0,21,47133.241221
327.0,611,47183.660562
105.0,131,47193.114741
165.0,260,47212.290593
152.0,211,47228.132759
355.0,601,47277.818305
281.0,444,47313.75149
300.0,510,47354.074945
126.0,187,47367.552752
312.0,622,47417.898117
345.0,600,47467.97202
419.0,720,47527.24894
280.0,530,47571.126734
565.0,857,47641.576454
116.0,152,47651.636843
125.0,179,47664.48709
276.0,436,47699.351898
422.0,703,47757.941743
325.0,515,47798.906912
330.0,525,47842.877297
55.0,76,47848.253099
112.0,218,47865.564165
370.0,536,47909.307093
214.0,312,47932.770623
533.0,799,48000.015484
1.0,16,48000.027697
9.0,15,48001.269324
301.0,607,48050.553382
411.0,627,48101.465097
1.0,22,48101.480321
135.0,242,48122.083593
395.0,503,48164.394092
386.0,562,48210.547742
239.0,344,48237.388777
137.0,416,48270.9757
280.0,424,48306.766973
315.0,491,48348.37027
18.0,52,48350.470634
321.0,557,48396.709044
1.0,18,48396.721782
140.0,182,48412.735168
386.0,599,48462.682344
403.0,614,48512.21872
85.0,111,48520.571434
141.0,202,48537.80742
304.0,458,48574.913205
140.0,233,48591.933989
333.0,467,48630.953109
538.0,915,48706.017073
374.0,519,48747.993648
373.0,569,48797.110267
212.0,313,48821.359364
100.0,131,48831.663557
440.0,731,48892.768976
233.0,374,48925.067041
139.0,365,48955.546108
51.0,70,48961.106214
181.0,694,49020.237509
445.0,628,49078.131689
128.0,163,49097.624477
306.0,497,49161.622616
1.0,18,49161.641704
123.0,186,49179.33169
261.0,548,49238.244753
190.0,282,49262.635536
481.0,714,49329.143672
110.0,135,49340.595398
201.0,337,49380.057733
336.0,508,49441.243144
412.0,666,49505.258688
1.0,17,49505.275607
524.0,722,49574.288486
599.0,938,49665.889426
117.0,161,49679.226321
273.0,398,49717.278828
387.0,629,49776.099008
490.0,693,49850.654922
274.0,453,49897.614381
1.0,20,49897.629386
263.0,432,49943.645803
422.0,784,50024.786164
487.0,742,50101.599432
273.0,421,50143.704245
415.0,762,50223.038348
264.0,384,50262.561193
123.0,210,50284.288773
423.0,659,50352.762085
207.0,336,50388.431516
17.0,119,50400.063599
4.0,53,50403.025286
1.0,17,50403.038166
5.0,34,50406.879876
43.0,110,50415.911217
94.0,199,50436.530725
140.0,303,50468.315573
76.0,93,50478.431732
55.0,53,50484.069591
130.0,239,50506.257463
23.0,43,50509.193145
107.0,133,50521.752919
353.0,622,50586.611996
413.0,583,50647.051599
299.0,507,50699.387062
335.0,511,50752.929679
423.0,716,50826.750513
34.0,50,50830.322015
334.0,753,50908.071568
281.0,544,50964.014434
326.0,546,51020.564128
307.0,419,51064.910325
283.0,517,51117.645176
392.0,598,51177.689469
1.0,20,51177.706763
598.0,1001,51282.295545
271.0,497,51331.929865
1.0,17,51331.945526
308.0,611,51395.227567
521.0,833,51483.34189
269.0,427,51524.892229
380.0,614,51588.86815
340.0,562,51645.385733
405.0,639,51712.141418
264.0,415,51755.674461
523.0,830,51841.708578
215.0,337,51875.378532
291.0,438,51919.653475
423.0,709,51993.364402
553.0,838,52079.551228
67.0,98,52088.339268
280.0,461,52136.274922
207.0,359,52172.304245
408.0,713,52246.880011
281.0,435,52293.042146
68.0,96,52300.767284
130.0,197,52319.891807
58.0,86,52326.842473
306.0,759,52404.954238
280.0,471,52453.931269
400.0,648,52521.230691
1.0,12,52521.240622
564.0,891,52615.06438
84.0,124,52626.900579
307.0,562,52685.468826
353.0,551,52742.343714
587.0,1108,52859.382048
408.0,584,52918.532715
193.0,289,52946.52338
1.0,28,52946.550623
101.0,108,52958.793368
276.0,500,53010.525137
346.0,538,53067.494399
281.0,402,53108.515846
360.0,530,53162.508921
383.0,756,53241.088192
458.0,644,53310.387038
425.0,1001,53415.152768
396.0,658,53483.69649
30.0,35,53486.860151
262.0,477,53534.879072
386.0,583,53596.573645
359.0,558,53653.197052
132.0,177,53671.49956
96.0,156,53686.816397
3.0,31,53688.039736
489.0,755,53766.189755
280.0,439,53811.799088
319.0,550,53871.643224
136.0,173,53888.377041
479.0,863,53980.518968
7.0,20,53981.10545
467.0,885,54072.143408
387.0,633,54139.665955
566.0,926,54236.15263
206.0,281,54265.723571
283.0,882,54360.303667
424.0,887,54453.786389
380.0,660,54523.502621
403.0,718,54599.159517
295.0,570,54657.284303
391.0,635,54722.653192
267.0,424,54766.136143
90.0,149,54778.981327
370.0,525,54834.877596
395.0,635,54900.304268
274.0,493,54951.424549
259.0,350,54987.852194
343.0,480,55037.88055
138.0,215,55061.303291
139.0,303,55092.978179
251.0,455,55147.338315
78.0,105,55157.253504
271.0,408,55200.273206
130.0,215,55223.677486
137.0,211,55244.165578
418.0,738,55323.472333
245.0,341,55357.30758
1.0,15,55357.318869
333.0,548,55415.090348
178.0,257,55441.74128
402.0,575,55502.181114
92.0,132,55515.25204
350.0,586,55576.815617
344.0,577,55639.212483
1.0,21,55639.229508
382.0,533,55695.626986
1.0,19,55695.644163
425.0,818,55782.824869
283.0,436,55827.037474
359.0,523,55881.529985
313.0,435,55928.731316
362.0,534,55983.957178
129.0,180,56001.449154
291.0,482,56051.378464
324.0,564,56110.309188
536.0,956,56209.544814
290.0,623,56272.168272
1.0,15,56272.179995
165.0,341,56307.996837
380.0,526,56362.907146
343.0,521,56417.159883
1.0,23,56417.184587
265.0,420,56462.131567
55.0,77,56467.895113
113.0,162,56481.755788
416.0,592,56544.170247
371.0,653,56610.624578
307.0,644,56677.967075
376.0,576,56736.555728
261.0,413,56778.141986
92.0,125,56788.990415
396.0,675,56858.735607
128.0,159,56874.69789
7.0,31,56875.658134
111.0,150,56891.492556
305.0,517,56943.638202
109.0,112,56955.118852
447.0,692,57025.656128
229.0,314,57057.415164
138.0,227,57079.759829
108.0,181,57097.725529
1.0,25,57097.744014
316.0,590,57160.813486
1.0,28,57160.834642
16.0,16,57162.430356
290.0,474,57211.862932
457.0,702,57281.527304
341.0,482,57321.850239
421.0,624,57371.931303
411.0,581,57419.186737
369.0,584,57467.271784
421.0,645,57521.025624
1.0,11,57521.034818
138.0,203,57537.701509
254.0,404,57571.239041
267.0,380,57603.70231
1.0,18,57603.725533
70.0,90,57610.412232
294.0,565,57657.042175
413.0,675,57711.826225
317.0,658,57769.103174
563.0,1030,57861.043239
129.0,197,57876.751596
403.0,672,57940.210518
303.0,456,57984.113794
302.0,554,58036.649179
102.0,129,58048.550171
449.0,768,58119.564121
1.0,14,58119.574657
141.0,263,58142.794438
368.0,582,58192.060862
425.0,761,58258.514841
374.0,585,58309.477435
185.0,286,58338.896719
272.0,460,58386.343388
1.0,27,58386.372823
551.0,805,58469.309338
614.0,1132,58571.845578
111.0,188,58587.573938
393.0,608,58636.847375
414.0,636,58689.227148
1.0,17,58689.240398
289.0,433,58725.646438
283.0,690,58785.27372
135.0,181,58800.010432
282.0,651,58855.725673
123.0,184,58870.086696
373.0,558,58917.392472
1.0,17,58917.404929
201.0,242,58937.551662
233.0,366,58967.872181
400.0,681,59024.643108
416.0,712,59096.494929
276.0,454,59132.782515
138.0,194,59151.712616
233.0,303,59179.824688
393.0,542,59226.121226
245.0,321,59254.840263
540.0,759,59327.090928
1.0,26,59327.112536
390.0,626,59395.382213
395.0,603,59455.858384
448.0,653,59513.365124
485.0,859,59589.600793
266.0,328,59619.357038
366.0,574,59669.049452
176.0,251,59690.603349
29.0,38,59693.263701
1.0,22,59693.286323
255.0,414,59729.791733
416.0,594,59781.088828
512.0,803,59851.616313
351.0,790,59926.287411
366.0,612,59988.039469
251.0,387,60022.454659
216.0,288,60047.138942
179.0,367,60077.943982
315.0,607,60141.618179
346.0,498,60198.701513
126.0,202,60214.313919
382.0,628,60267.937234
422.0,723,60332.778638
342.0,522,60379.945044
138.0,221,60400.150508
330.0,477,60453.159191
276.0,522,60510.656503
127.0,267,60535.693829
62.0,85,60545.405156
99.0,115,60557.924518
137.0,248,60581.421602
1.0,24,60581.44309
257.0,391,60632.931474
349.0,664,60713.115329
78.0,99,60723.262822
283.0,420,60765.539093
263.0,375,60796.984333
396.0,525,60841.544414
416.0,683,60907.678586
351.0,483,60951.535423
374.0,621,61019.536217
235.0,331,61056.893601
1.0,23,61056.916602
135.0,384,61091.902368
131.0,220,61109.194141
360.0,536,61156.999115
1.0,25,61157.022234
139.0,254,61179.273658
173.0,305,61207.57116
1.0,22,61207.590332
311.0,592,61263.635443
398.0,624,61328.278235
5.0,32,61328.737442
511.0,880,61414.066022
327.0,675,61473.685454
121.0,153,61486.450161
112.0,153,61498.315756
243.0,356,61534.145653
2.0,33,61534.505171
291.0,488,61581.42082
131.0,197,61595.940455
276.0,361,61627.153584
360.0,562,61675.891038
59.0,75,61681.565411
589.0,921,61761.80078
380.0,615,61814.836678
553.0,975,61900.206138
297.0,608,61956.089617
108.0,180,61970.231042
1.0,24,61970.249679
94.0,111,61979.545263
1.0,23,61979.563177
379.0,524,62026.997882
486.0,797,62096.21832
359.0,546,62150.151977
350.0,556,62199.724248
270.0,427,62237.778654
305.0,493,62282.001895
376.0,586,62332.738546
272.0,418,62377.765539
311.0,524,62424.720723
383.0,525,62470.942339
357.0,485,62513.942783
227.0,346,62542.767148
157.0,227,62561.297233
3.0,22,62561.393622
111.0,157,62573.524001
376.0,557,62622.139742
417.0,710,62684.329321
279.0,504,62731.868089
207.0,342,62761.840014
291.0,562,62818.24255
8.0,27,62819.311864
317.0,582,62880.321922
43.0,57,62884.069172
394.0,595,62934.963657
351.0,497,62987.073884
213.0,267,63016.020575
7.0,37,63017.22699
283.0,425,63063.356471
21.0,38,63065.447756
314.0,458,63103.418283
137.0,174,63117.078945
388.0,644,63184.242048
179.0,329,63223.61975
313.0,456,63277.483114
1.0,27,63277.510514
409.0,660,63344.032438
368.0,519,63398.298626
360.0,517,63462.14104
1.0,19,63462.161757
425.0,764,63558.868029
1.0,20,63558.887359
466.0,705,63647.944394
501.0,823,63743.405665
245.0,393,63786.908984
425.0,702,63862.966988
282.0,405,63910.65826
283.0,511,63974.255053
2.0,12,63974.318688
140.0,211,63997.203899
421.0,621,64076.820035
482.0,634,64143.447136
484.0,900,64225.643031
403.0,587,64303.032054
420.0,709,64385.23825
470.0,686,64475.434135
309.0,437,64529.710752
1.0,12,64529.726753
489.0,834,64606.987369
402.0,627,64663.744418
407.0,582,64717.131268
541.0,863,64827.090477
280.0,492,64884.936929
320.0,433,64937.156287
338.0,539,65001.205168
66.0,74,65010.048345
324.0,457,65062.668512
1.0,23,65062.690929
309.0,650,65120.177917
118.0,155,65134.790387
342.0,536,65202.033448
154.0,211,65229.46897
136.0,248,65260.152991
316.0,497,65321.379947
389.0,642,65400.998694
325.0,738,65495.167454
300.0,467,65551.490227
350.0,556,65619.724999
403.0,571,65674.511562
136.0,216,65692.910747
1.0,14,65692.927105
39.0,43,65696.013828
413.0,599,65750.645657
415.0,662,65831.48366
1.0,28,65831.506481
427.0,583,65896.059348
422.0,652,65977.579397
138.0,241,66005.150582
39.0,58,66012.170088
4.0,19,66012.864082
1.0,43,66016.3346
3.0,35,66018.985508
4.0,29,66019.537326
1.0,15,66019.552447
11.0,28,66023.255511
16.0,97,66035.724462
25.0,94,66042.79817
1.0,61,66048.826222
1.0,87,66059.011006
1.0,42,66061.061434
3.0,49,66065.894139
3.0,46,66068.359509
1.0,36,66071.724182
5.0,41,66074.161364
4.0,36,66075.531423
1.0,23,66075.555606
1.0,81,66084.01389
2.0,35,66086.198153
4.0,53,66088.595808
24.0,76,66093.653926
151.0,243,66120.270812
1.0,21,66120.287411
395.0,707,66201.302647
1.0,15,66201.336632
413.0,707,66289.62015
425.0,703,66376.402487
339.0,500,66438.01295
355.0,507,66502.979307
191.0,290,66539.150063
352.0,713,66627.646341
332.0,487,66687.633141
130.0,300,66724.493279
446.0,771,66819.667305
514.0,850,66925.755342
502.0,894,67036.657825
508.0,930,67152.296812
403.0,587,67225.765797
399.0,605,67300.829026
93.0,124,67312.721854
388.0,579,67383.634326
470.0,630,67462.964687
218.0,281,67496.341696
679.0,1138,67639.309106
335.0,586,67712.963903
415.0,640,67794.05732
513.0,727,67884.06394
278.0,445,67938.760374
98.0,142,67955.749288
280.0,424,68007.15367
329.0,673,68090.957273
1.0,19,68090.975323
141.0,474,68149.90817
538.0,759,68245.32889
137.0,221,68269.29765
477.0,860,68376.601714
93.0,104,68389.098078
126.0,170,68408.439542
294.0,488,68467.98612
600.0,982,68590.304088
595.0,1007,68717.878083
155.0,238,68744.501507
88.0,114,68758.14421
1.0,26,68758.164657
141.0,219,68786.303264
1.0,14,68786.319451
473.0,808,68886.516947
354.0,545,68951.416346
192.0,269,68983.8647
137.0,231,69012.707759
107.0,119,69027.724407
289.0,493,69091.758434
412.0,650,69174.087155
564.0,1106,69315.851156
521.0,965,69439.413652
388.0,599,69515.126509
299.0,456,69572.306507
1.0,18,69572.322643
220.0,299,69610.092752
209.0,275,69644.567209
280.0,441,69700.367409
325.0,551,69768.840133
78.0,128,69782.463981
67.0,167,69800.541416
399.0,606,69877.515635
425.0,681,69966.755459
330.0,454,70024.495846
137.0,178,70045.820676
368.0,582,70118.803616
23.0,61,70124.915414
387.0,747,70222.646825
281.0,394,70272.897979
534.0,780,70373.539194
453.0,784,70475.408896
421.0,676,70563.655323
299.0,479,70624.220107
358.0,552,70696.281117
230.0,358,70741.569639
1.0,20,70741.584633
423.0,676,70829.657341
471.0,705,70917.929642
469.0,722,71009.974914
494.0,785,71111.213815
266.0,376,71158.774259
425.0,628,71240.761925
305.0,475,71299.939495
479.0,651,71383.253108
279.0,485,71446.152277
455.0,735,71539.383563
271.0,852,71647.714381
319.0,501,71711.807789
303.0,491,71772.856809
82.0,91,71784.666863
368.0,568,71856.454485
356.0,555,71927.555252
280.0,433,71983.186225
110.0,132,71998.102558
1.0,17,71998.115847
336.0,495,72062.34441
464.0,756,72156.93699
134.0,207,72183.689615
299.0,466,72241.233855
477.0,712,72338.328426
398.0,662,72421.606702
475.0,792,72524.177021
310.0,524,72591.889228
106.0,132,72608.153089
4.0,14,72608.786196
326.0,513,72675.069532
595.0,822,72783.143203
275.0,365,72827.785711
264.0,425,72882.185613
127.0,222,72907.806523
304.0,402,72958.293337
134.0,207,72983.713924
391.0,689,73072.258075
329.0,530,73140.430588
505.0,953,73264.550809
556.0,843,73374.144586
388.0,609,73454.272351
174.0,250,73483.623096
138.0,197,73509.792129
113.0,135,73526.474511
6.0,32,73528.441159
4.0,59,73534.942338
9.0,37,73538.480517
6.0,38,73542.674285
1.0,24,73542.692906
4.0,46,73548.635755
2.0,88,73556.725434
1.0,40,73558.775676
12.0,92,73570.053936
5.0,36,73572.680039
1.0,41,73575.529128
16.0,53,73581.579782
3.0,46,73585.751135
9.0,12,73586.927646
3.0,62,73593.096853
16.0,57,73597.927948
9.0,54,73601.301767
4.0,32,73603.292796
1.0,21,73603.30988
2.0,24,73606.405124
2.0,44,73611.184018
12.0,58,73616.562109
1.0,44,73622.015962
1.0,21,73624.268862
3.0,18,73625.961018
3.0,41,73628.909314
15.0,43,73632.852648
1.0,33,73635.165594
3.0,23,73635.389722
6.0,59,73639.858952
1.0,21,73642.035754
1.0,25,73642.057679
8.0,8,73643.29115
7.0,48,73648.357657
1.0,19,73648.383088
2.0,38,73652.478696
3.0,58,73658.348276
13.0,46,73662.107462
5.0,49,73667.616578
2.0,56,73672.502884
1.0,35,73673.644662
1.0,45,73678.5942
5.0,30,73682.468676
4.0,61,73687.329
1.0,212,73715.657045
3.0,42,73720.591074
1.0,36,73723.653252
8.0,49,73728.20446
4.0,331,73773.484302
3.0,57,73777.965393
2.0,46,73783.181707
1.0,44,73784.538635
1.0,43,73786.470242
9.0,21,73787.984417
3.0,30,73789.949707
1.0,131,73801.749385
3.0,83,73807.501033
1.0,61,73811.390009
14.0,84,73817.481833
1.0,14,73817.494248
1.0,35,73819.93111
1.0,30,73820.309054
1.0,37,73822.009968
20.0,181,73838.102493
2.0,44,73839.877614
92.0,150,73853.629969
353.0,635,73929.963929
52.0,117,73943.399488
36.0,61,73950.229667
228.0,321,73986.217572
97.0,110,73999.11829
317.0,554,74067.482661
413.0,719,74154.74644
337.0,541,74220.173818
156.0,228,74244.295724
384.0,627,74323.811132
336.0,512,74385.759366
172.0,270,74418.992546
87.0,106,74430.573082
565.0,893,74539.874218
419.0,609,74614.600082
193.0,275,74645.976064
423.0,688,74730.003416
412.0,588,74801.3179
1.0,13,74801.329872
261.0,730,74890.263593
531.0,740,74979.660524
1.0,24,74979.68316
419.0,687,75063.848888
1.0,24,75063.86748
104.0,123,75077.947899
1.0,15,75077.963157
373.0,586,75149.268558
351.0,558,75215.349096
114.0,126,75228.836164
420.0,662,75308.571999
1.0,8,75308.583198
80.0,113,75320.397329
1.0,9,75320.408192
383.0,539,75386.487605
483.0,1050,75513.723171
63.0,81,75521.606437
401.0,655,75602.542092
434.0,675,75692.208936
381.0,543,75757.836531
559.0,942,75879.625891
389.0,578,75950.606034
354.0,634,76028.553418
129.0,186,76050.575518
65.0,87,76058.868697
179.0,352,76100.279775
332.0,495,76158.714778
112.0,159,76175.886039
303.0,469,76232.583906
464.0,813,76332.136738
1.0,19,76332.157029
422.0,618,76408.549841
530.0,842,76512.395743
330.0,629,76589.059982
396.0,601,76661.718632
567.0,973,76783.62726
573.0,834,76888.166911
422.0,641,76964.900903
125.0,163,76983.469269
564.0,835,77085.407731
371.0,549,77152.755063
449.0,620,77227.204595
270.0,439,77278.696762
63.0,83,77287.459946
359.0,475,77344.105711
283.0,3000,77718.534844
112.0,155,77735.348762
410.0,621,77811.519603
137.0,217,77835.700796
282.0,421,77884.521052
425.0,710,77970.112722
444.0,606,78042.813945
1.0,14,78042.82948
218.0,347,78085.921471
1.0,17,78085.934771
315.0,496,78146.697846
326.0,456,78200.122586
402.0,697,78284.701551
358.0,493,78346.968522
230.0,447,78400.554142
111.0,258,78429.269212
1.0,18,78429.282651
12.0,41,78435.148605
1.0,33,78437.199229
25.0,56,78442.711542
11.0,73,78450.972601
20.0,121,78465.609307
10.0,39,78468.651411
1.0,9,78468.65983
8.0,40,78471.647717
17.0,43,78476.053558
58.0,334,78514.555618
444.0,727,78602.356954
1.0,27,78602.377148
438.0,686,78685.966951
329.0,468,78739.478888
138.0,201,78762.106136
532.0,778,78855.542736
241.0,362,78897.236527
405.0,635,78973.218693
51.0,79,78978.985367
297.0,604,79050.029311
558.0,977,79165.284453
335.0,461,79219.778735
139.0,227,79247.912792
73.0,102,79258.6193
458.0,817,79357.952888
369.0,523,79420.71618
417.0,587,79491.656579
266.0,387,79536.122499
54.0,110,79546.415802
137.0,299,79581.523898
139.0,245,79611.463949
404.0,583,79682.249609
566.0,793,79778.435996
1.0,23,79778.454532
342.0,505,79839.164048
407.0,684,79919.437815
1.0,25,79919.457173
296.0,480,79978.790545
67.0,108,79988.406788
118.0,146,80005.484192
94.0,129,80018.204316
126.0,193,80040.911383
499.0,765,80133.893465
382.0,565,80201.9343
283.0,382,80248.666929
279.0,438,80299.800694
408.0,624,80372.294667
290.0,433,80422.94899
298.0,560,80489.953568
37.0,49,80494.744981
95.0,132,80508.652309
318.0,446,80563.194832
13.0,30,80565.461321
397.0,655,80645.373418
390.0,566,80713.817801
535.0,867,80819.721138
1.0,14,80819.735358
536.0,869,80923.972105
500.0,881,81028.444891
238.0,420,81079.531824
341.0,515,81141.089365
1.0,20,81141.106071
132.0,179,81161.994006
442.0,623,81236.530366
417.0,626,81310.475476
304.0,500,81367.664659
1.0,26,81367.683685
138.0,252,81399.014146
415.0,664,81477.167661
360.0,474,81533.972915
420.0,702,81618.547495
533.0,681,81701.490835
362.0,517,81763.594338
412.0,588,81832.909533
523.0,856,81937.907097
456.0,828,82037.221519
359.0,514,82097.505
371.0,511,82159.90053
380.0,509,82221.579676
567.0,888,82329.11314
512.0,810,82426.956033
289.0,431,82480.320973
521.0,906,82591.035887
